sensor,broker,n,first,last,span_d,silent_d,vmin,vmax,rng_mV,nuniq,rate_per_day
PER_EMLFLOOD_UO-ACOMBFLOOD,EML_RAIN,10,2022-05-09,2022-05-09,0,1332,11.821,11.869,48.00000000000004,8,10.0
PER_EMLFLOOD_UO-BALTIC,EML_RAIN,3919,2021-09-30,2025-09-25,1455,97,11.906,14.125,2218.9999999999995,1028,2.693470790378007
PER_EMLFLOOD_UO-BIRTLEYFS,EML_RAIN,697818,2022-11-25,2025-09-25,1035,97,8.151,12.102,3951.0000000000005,1167,674.2202898550725
PER_EMLFLOOD_UO-CHOPWELLFS,EML_RAIN,676438,2022-11-25,2025-09-25,1035,97,9.815,11.948,2133.000000000001,851,653.5632850241545
PER_EMLFLOOD_UO-DALLANS,EML_RAIN,1492,2021-02-15,2022-11-28,650,1129,6.426,14.243,7817.0,945,2.2953846153846156
PER_EMLFLOOD_UO-DHSCHOOLFS,EML_RAIN,10,2021-03-13,2021-03-13,0,1754,11.785,11.823,38.000000000000256,9,10.0
PER_EMLFLOOD_UO-KGATE,EML_RAIN,1035,2021-04-22,2025-09-25,1616,97,4.074,13.994,9920.0,562,0.6404702970297029
PER_EMLFLOOD_UO-NFARM,EML_RAIN,3250,2021-04-14,2024-01-20,1010,711,12.064,12.262,198.0000000000004,142,3.217821782178218
PER_EMLFLOOD_UO-NZOO,EML_RAIN,1227,2022-02-15,2023-05-07,445,969,6.318,12.959,6641.0,857,2.757303370786517
PER_EMLFLOOD_UO-SHQFS,EML_RAIN,2413,2022-11-25,2022-11-29,3,1128,6.008,12.491,6483.0,1209,804.3333333333334
PER_EMLFLOOD_UO-SSHIELDSFS,EML_RAIN,382664,2022-11-25,2024-11-07,712,419,9.21,11.986,2776.0,1204,537.4494382022472
PER_EMLFLOOD_UO-STTMORE,EML_RAIN,717,2022-02-15,2022-11-20,277,1137,4.639,13.798,9158.999999999998,616,2.588447653429603
PER_EMLFLOOD_UO-SUNDERLANDFS,EML_RAIN,16230,2022-11-08,2025-03-06,848,300,4.621,11.785,7164.0,923,19.139150943396228
PER_EMLFLOOD_UO-TMOUTHFS,EML_RAIN,775,2021-11-18,2023-03-12,478,1025,11.953,12.092,139.00000000000114,73,1.6213389121338913
PER_EMLFLOOD_UO-WALLSENDFS,EML_RAIN,2889,2022-11-25,2022-11-30,5,1127,4.577,11.824,7247.0,689,577.8
PER_EMLFLOOD_UO-WDENTONFS,EML_RAIN,607036,2022-11-25,2025-09-25,1034,97,8.261,11.886,3625.0,793,587.0754352030948
PER_TTN_AIRQUALITY001,LORA,45675,2023-10-23,2024-09-21,333,466,2.011,3.6,1589.0,758,137.16216216216216
PER_TTN_AIRQUALITY002,LORA,39720,2023-11-24,2024-11-06,348,420,2.169,3.6,1431.0,652,114.13793103448276
PER_TTN_AIRQUALITY003,LORA,46325,2023-11-23,2024-11-06,348,420,2.099,3.6,1501.0,609,133.117816091954
PER_TTN_AIRQUALITY004,LORA,85502,2024-03-18,2025-12-31,653,0,1.9,3.6,1700.0000000000002,517,130.93721286370598
PER_TTN_AIRQUALITY005,LORA,84265,2024-03-18,2025-12-31,653,0,1.928,3.6,1672.0000000000002,302,129.04287901990813
PER_TTN_AIRQUALITY006,LORA,84932,2024-03-18,2025-12-31,653,0,1.826,3.6,1774.0,294,130.06431852986216
PER_TTN_AIRQUALITY007,LORA,81982,2024-03-18,2025-12-31,653,0,1.917,3.6,1683.0,482,125.54670750382849
PER_TTN_AIRQUALITY008,LORA,85262,2024-03-18,2025-12-31,653,0,1.909,3.6,1691.0,242,130.5696784073507
PER_TTN_AIRQUALITY009,LORA,84911,2024-03-18,2025-12-31,653,0,1.881,3.6,1719.0,412,130.0321592649311
PER_TTN_AIRQUALITY010,LORA,6997,2024-03-18,2024-05-07,50,603,3.164,3.6,435.99999999999994,82,139.94
PER_TTN_AIRQUALITY011,LORA,84984,2024-03-18,2025-12-31,653,0,1.89,3.6,1710.0000000000002,432,130.14395099540582
PER_TTN_AIRQUALITY012,LORA,74299,2024-05-10,2025-11-30,569,30,1.823,3.6,1777.0000000000002,529,130.57820738137082
PER_WATER_BEWISE1A,Water SONS,38874,2023-10-29,2025-01-09,438,356,12.74,15.14,2400.0000000000005,226,88.75342465753425
PER_WATER_BEWISE2,Water SONS,7728,2023-10-01,2024-01-05,96,726,6.52,14.64,8120.000000000001,442,80.5
PER_WATER_BRUNTON_BRIDGE,Water SONS,18426,2020-11-16,2023-03-06,839,1031,5.21,15.09,9879.999999999998,476,21.96185935637664
PER_WATER_CRAGHALL_JESMOND_DENE,Water SONS,25321,2020-11-26,2024-12-06,1470,390,6.66,14.81,8150.0,772,17.22517006802721
PER_WATER_GOSFORTH_GOLF_CLUB,Water SONS,94656,2020-11-16,2025-10-02,1780,90,12.07,15.0,2929.9999999999995,289,53.17752808988764
PER_WATER_JESMOND_DENE_ALLOTMENTS,Water SONS,24119,2020-11-16,2023-10-30,1077,793,5.43,14.99,9560.0,659,22.394614670380687
PER_WATER_KINGSTON_PARK,Water SONS,62287,2020-11-16,2024-09-21,1405,466,5.14,15.02,9879.999999999998,949,44.33238434163701
PER_WATER_OUSEBURN_SOURCE,Water SONS,37476,2020-11-16,2024-12-04,1479,392,5.22,15.09,9870.000000000002,920,25.33874239350913
PER_WATER_R_TYNE_SURFACESONDE,Water SONS,80365,2020-11-16,2025-04-18,1613,257,12.63,14.8,2170.0,213,49.82331060136392
PER_WATER_WOOLSINGTON,Water SONS,50185,2020-11-16,2024-04-19,1249,621,5.79,15.11,9320.0,566,40.18014411529224
